chapter,file,start_idx,ext,lines
Chapter_00_Unknown,snippet_001.txt,53,.txt,1
Chapter_00_Unknown,snippet_002.txt,58,.txt,1
Chapter_00_Introduction,snippet_001.sh,116,.sh,3
Chapter_00_Introduction,snippet_002.txt,122,.txt,4
Chapter_01,snippet_001.txt,179,.txt,2
Chapter_01,snippet_002.txt,186,.txt,1
Chapter_01,snippet_003.txt,188,.txt,5
Chapter_01,snippet_004.txt,197,.txt,2
Chapter_01,snippet_005.txt,206,.txt,5
Chapter_01,snippet_006.txt,212,.txt,4
Chapter_01,snippet_007.cr,217,.cr,7
Chapter_01,snippet_008.cr,225,.cr,2
Chapter_01,snippet_009.txt,228,.txt,3
Chapter_01,snippet_010.txt,249,.txt,4
Chapter_01,snippet_011.cr,254,.cr,6
Chapter_01,snippet_012.cr,261,.cr,2
Chapter_01,snippet_013.txt,264,.txt,3
Chapter_02,snippet_001.sh,309,.sh,1
Chapter_02,snippet_002.yml,311,.yml,6
Chapter_02,snippet_003.sh,321,.sh,1
Chapter_02,snippet_004.yml,332,.yml,2
Chapter_02,snippet_005.yml,335,.yml,3
Chapter_02,snippet_006.sh,339,.sh,1
Chapter_02,snippet_007.sh,342,.sh,1
Chapter_02,snippet_008.sh,351,.sh,1
Chapter_02,snippet_009.sh,353,.sh,1
Chapter_02,snippet_010.sh,358,.sh,2
Chapter_02,snippet_011.txt,361,.txt,2
Chapter_02,snippet_012.sh,369,.sh,2
Chapter_02,snippet_013.sh,372,.sh,2
Chapter_02,snippet_014.sh,378,.sh,1
Chapter_02,snippet_015.yml,381,.yml,3
Chapter_02,snippet_016.cr,387,.cr,2
Chapter_02,snippet_017.cr,390,.cr,4
Chapter_02,snippet_018.cr,398,.cr,2
Chapter_02,snippet_019.txt,401,.txt,5
Chapter_02,snippet_020.sh,407,.sh,1
Chapter_03,snippet_001.cr,454,.cr,3
Chapter_03,snippet_002.cr,459,.cr,5
Chapter_03,snippet_003.cr,465,.cr,2
Chapter_03,snippet_004.cr,472,.cr,5
Chapter_03,snippet_005.cr,478,.cr,6
Chapter_03,snippet_006.txt,485,.txt,2
Chapter_03,snippet_007.txt,492,.txt,1
Chapter_03,snippet_008.yml,494,.yml,9
Chapter_03,snippet_009.txt,506,.txt,1
Chapter_03,snippet_010.cr,509,.cr,3
Chapter_03,snippet_011.sh,515,.sh,1
Chapter_03,snippet_012.cr,518,.cr,4
Chapter_03,snippet_013.cr,523,.cr,4
Chapter_03,snippet_014.cr,528,.cr,2
Chapter_03,snippet_015.cr,531,.cr,3
Chapter_03,snippet_016.cr,535,.cr,4
Chapter_03,snippet_017.cr,540,.cr,4
Chapter_03,snippet_018.cr,545,.cr,6
Chapter_03,snippet_019.cr,553,.cr,3
Chapter_03,snippet_020.cr,557,.cr,1
Chapter_03,snippet_021.txt,559,.txt,3
Chapter_04,snippet_001.cr,598,.cr,1
Chapter_04,snippet_002.txt,600,.txt,2
Chapter_04,snippet_003.txt,605,.txt,2
Chapter_04,snippet_004.txt,608,.txt,3
Chapter_04,snippet_005.txt,615,.txt,3
Chapter_04,snippet_006.txt,619,.txt,1
Chapter_04,snippet_007.txt,621,.txt,3
Chapter_04,snippet_008.txt,628,.txt,2
Chapter_04,snippet_009.txt,631,.txt,1
Chapter_04,snippet_010.txt,633,.txt,2
Chapter_04,snippet_011.cr,641,.cr,4
Chapter_04,snippet_012.cr,646,.cr,3
Chapter_04,snippet_013.cr,650,.cr,2
Chapter_04,snippet_014.txt,653,.txt,7
Chapter_04,snippet_015.cr,661,.cr,6
Chapter_04,snippet_016.txt,668,.txt,4
Chapter_04,snippet_017.sh,687,.sh,2
Chapter_04,snippet_018.txt,690,.txt,1
Chapter_04,snippet_019.txt,692,.txt,3
Chapter_04,snippet_020.json,698,.json,1
Chapter_04,snippet_021.cr,702,.cr,3
Chapter_04,snippet_022.txt,706,.txt,2
Chapter_04,snippet_023.txt,709,.txt,2
Chapter_05,snippet_001.txt,748,.txt,1
Chapter_05,snippet_002.txt,750,.txt,3
Chapter_05,snippet_003.txt,754,.txt,2
Chapter_05,snippet_004.txt,757,.txt,3
Chapter_05,snippet_005.cr,763,.cr,1
Chapter_05,snippet_006.txt,765,.txt,3
Chapter_05,snippet_007.cr,769,.cr,1
Chapter_05,snippet_008.txt,771,.txt,5
Chapter_05,snippet_009.cr,781,.cr,1
Chapter_05,snippet_010.json,783,.json,2
Chapter_05,snippet_011.txt,786,.txt,3
Chapter_05,snippet_012.cr,790,.cr,1
Chapter_05,snippet_013.txt,792,.txt,3
Chapter_05,snippet_014.json,796,.json,1
Chapter_05,snippet_015.cr,800,.cr,1
Chapter_05,snippet_016.txt,802,.txt,2
Chapter_05,snippet_017.txt,810,.txt,5
Chapter_05,snippet_018.txt,823,.txt,5
Chapter_05,snippet_019.txt,829,.txt,3
Chapter_05,snippet_020.txt,833,.txt,1
Chapter_05,snippet_021.txt,835,.txt,9
Chapter_05,snippet_022.json,847,.json,1
Chapter_05,snippet_023.txt,850,.txt,4
Chapter_05,snippet_024.cr,855,.cr,2
Chapter_05,snippet_025.json,870,.json,1
Chapter_06,snippet_001.cr,894,.cr,3
Chapter_06,snippet_002.txt,898,.txt,1
Chapter_06,snippet_003.txt,900,.txt,1
Chapter_06,snippet_004.txt,903,.txt,5
Chapter_06,snippet_005.txt,909,.txt,1
Chapter_06,snippet_006.txt,912,.txt,1
Chapter_06,snippet_007.txt,914,.txt,8
Chapter_06,snippet_008.cr,925,.cr,2
Chapter_06,snippet_009.cr,928,.cr,4
Chapter_06,snippet_010.cr,938,.cr,6
Chapter_06,snippet_011.cr,945,.cr,3
Chapter_06,snippet_012.txt,949,.txt,5
Chapter_06,snippet_013.sh,955,.sh,1
Chapter_06,snippet_014.txt,957,.txt,2
Chapter_06,snippet_015.txt,960,.txt,2
Chapter_06,snippet_016.txt,964,.txt,3
Chapter_06,snippet_017.txt,980,.txt,1
Chapter_06,snippet_018.txt,982,.txt,1
Chapter_06,snippet_019.cr,993,.cr,1
Chapter_06,snippet_020.txt,995,.txt,5
Chapter_06,snippet_021.txt,1001,.txt,1
Chapter_06,snippet_022.cr,1005,.cr,5
Chapter_06,snippet_023.txt,1012,.txt,1
Chapter_06,snippet_024.txt,1016,.txt,3
Chapter_07,snippet_001.cr,1052,.cr,3
Chapter_07,snippet_002.txt,1056,.txt,2
Chapter_07,snippet_003.cr,1059,.cr,3
Chapter_07,snippet_004.cr,1065,.cr,5
Chapter_07,snippet_005.cr,1076,.cr,1
Chapter_07,snippet_006.cr,1078,.cr,6
Chapter_07,snippet_007.cr,1085,.cr,7
Chapter_07,snippet_008.txt,1095,.txt,5
Chapter_07,snippet_009.cr,1102,.cr,1
Chapter_07,snippet_010.cr,1104,.cr,5
Chapter_07,snippet_011.txt,1110,.txt,1
Chapter_07,snippet_012.cr,1130,.cr,1
Chapter_07,snippet_013.cr,1133,.cr,4
Chapter_07,snippet_014.txt,1139,.txt,5
Chapter_07,snippet_015.cr,1145,.cr,1
Chapter_07,snippet_016.cr,1147,.cr,6
Chapter_07,snippet_017.txt,1154,.txt,2
Chapter_08,snippet_001.cr,1202,.cr,5
Chapter_08,snippet_002.cr,1208,.cr,5
Chapter_08,snippet_003.txt,1214,.txt,1
Chapter_08,snippet_004.cr,1219,.cr,3
Chapter_08,snippet_005.cr,1223,.cr,4
Chapter_08,snippet_006.txt,1228,.txt,2
Chapter_08,snippet_007.cr,1233,.cr,5
Chapter_08,snippet_008.cr,1239,.cr,3
Chapter_08,snippet_009.txt,1243,.txt,1
Chapter_08,snippet_010.cr,1249,.cr,3
Chapter_08,snippet_011.txt,1253,.txt,2
Chapter_08,snippet_012.cr,1258,.cr,4
Chapter_08,snippet_013.txt,1263,.txt,3
Chapter_08,snippet_014.txt,1271,.txt,3
Chapter_08,snippet_015.cr,1290,.cr,3
Chapter_08,snippet_016.cr,1294,.cr,4
Chapter_08,snippet_017.txt,1299,.txt,9
Chapter_08,snippet_018.txt,1313,.txt,1
Chapter_08,snippet_019.txt,1315,.txt,3
Chapter_08,snippet_020.txt,1319,.txt,3
Chapter_09,snippet_001.yml,1375,.yml,3
Chapter_09,snippet_002.sh,1379,.sh,1
Chapter_09,snippet_003.cr,1381,.cr,1
Chapter_09,snippet_004.yml,1390,.yml,4
Chapter_09,snippet_005.yml,1414,.yml,3
Chapter_09,snippet_006.sh,1418,.sh,1
Chapter_09,snippet_007.cr,1421,.cr,1
Chapter_09,snippet_008.txt,1423,.txt,2
Chapter_09,snippet_009.txt,1426,.txt,2
Chapter_09,snippet_010.txt,1431,.txt,2
Chapter_09,snippet_011.xml,1434,.xml,2
Chapter_10,snippet_001.sh,1498,.sh,2
Chapter_10,snippet_002.yml,1501,.yml,17
Chapter_10,snippet_003.yml,1520,.yml,3
Chapter_10,snippet_004.sh,1524,.sh,1
Chapter_10,snippet_005.cr,1528,.cr,1
Chapter_10,snippet_006.cr,1530,.cr,2
Chapter_10,snippet_007.txt,1533,.txt,4
Chapter_10,snippet_008.cr,1538,.cr,3
Chapter_10,snippet_009.txt,1542,.txt,5
Chapter_10,snippet_010.cr,1554,.cr,1
Chapter_10,snippet_011.cr,1556,.cr,4
Chapter_10,snippet_012.cr,1561,.cr,3
Chapter_10,snippet_013.cr,1565,.cr,3
Chapter_10,snippet_014.cr,1569,.cr,6
Chapter_10,snippet_015.cr,1576,.cr,3
Chapter_10,snippet_016.txt,1580,.txt,2
Chapter_10,snippet_017.txt,1583,.txt,4
Chapter_10,snippet_018.cr,1588,.cr,5
Chapter_10,snippet_019.cr,1597,.cr,1
Chapter_10,snippet_020.cr,1599,.cr,4
Chapter_10,snippet_021.cr,1604,.cr,3
Chapter_10,snippet_022.cr,1608,.cr,3
Chapter_10,snippet_023.cr,1612,.cr,5
Chapter_10,snippet_024.cr,1618,.cr,5
Chapter_10,snippet_025.cr,1624,.cr,5
Chapter_10,snippet_026.cr,1632,.cr,3
Chapter_10,snippet_027.cr,1636,.cr,5
Chapter_10,snippet_028.cr,1642,.cr,2
Chapter_10,snippet_029.cr,1645,.cr,2
Chapter_10,snippet_030.txt,1648,.txt,1
Chapter_10,snippet_031.txt,1650,.txt,5
Chapter_10,snippet_032.txt,1656,.txt,11
Chapter_10,snippet_033.txt,1668,.txt,18
Chapter_10,snippet_034.txt,1687,.txt,5
Chapter_10,snippet_035.txt,1693,.txt,2
Chapter_10,snippet_036.txt,1696,.txt,13
Chapter_10,snippet_037.txt,1710,.txt,11
Chapter_10,snippet_038.sh,1722,.sh,1
Chapter_10,snippet_039.json,1724,.json,4
Chapter_10,snippet_040.cr,1743,.cr,2
Chapter_10,snippet_041.txt,1747,.txt,7
Chapter_10,snippet_042.txt,1755,.txt,4
Chapter_10,snippet_043.txt,1760,.txt,8
Chapter_10,snippet_044.sh,1769,.sh,1
Chapter_10,snippet_045.txt,1782,.txt,1
Chapter_10,snippet_046.sh,1798,.sh,1
Chapter_10,snippet_047.sh,1803,.sh,1
Chapter_10,snippet_048.sh,1805,.sh,2
Chapter_10,snippet_049.sh,1808,.sh,2
Chapter_10,snippet_050.sh,1811,.sh,2
Chapter_10,snippet_051.sh,1814,.sh,1
Chapter_11,snippet_001.yml,1882,.yml,6
Chapter_11,snippet_002.cr,1894,.cr,2
Chapter_11,snippet_003.txt,1897,.txt,1
Chapter_11,snippet_004.txt,1899,.txt,3
Chapter_11,snippet_005.cr,1904,.cr,10
Chapter_11,snippet_006.txt,1915,.txt,7
Chapter_11,snippet_007.txt,1923,.txt,1
Chapter_11,snippet_008.cr,1925,.cr,9
Chapter_11,snippet_009.txt,1935,.txt,2
Chapter_11,snippet_010.txt,1938,.txt,4
Chapter_11,snippet_011.cr,1957,.cr,2
Chapter_11,snippet_012.cr,1960,.cr,5
Chapter_11,snippet_013.cr,1966,.cr,7
Chapter_11,snippet_014.cr,1980,.cr,2
Chapter_11,snippet_015.txt,1983,.txt,7
Chapter_11,snippet_016.yml,1998,.yml,19
Chapter_11,snippet_017.yml,2018,.yml,7
Chapter_11,snippet_018.cr,2027,.cr,2
Chapter_11,snippet_019.cr,2030,.cr,2
Chapter_11,snippet_020.txt,2033,.txt,1
Chapter_11,snippet_021.cr,2035,.cr,4
Chapter_11,snippet_022.cr,2040,.cr,12
Chapter_11,snippet_023.txt,2055,.txt,1
Chapter_11,snippet_024.cr,2057,.cr,2
Chapter_11,snippet_025.cr,2060,.cr,7
Chapter_11,snippet_026.cr,2068,.cr,6
Chapter_11,snippet_027.cr,2075,.cr,3
Chapter_11,snippet_028.txt,2079,.txt,3
Chapter_11,snippet_029.cr,2083,.cr,3
Chapter_11,snippet_030.txt,2087,.txt,2
Chapter_11,snippet_031.txt,2090,.txt,2
Chapter_11,snippet_032.txt,2093,.txt,3
Chapter_11,snippet_033.cr,2097,.cr,6
Chapter_10,snippet_052.cr,2109,.cr,4
Chapter_10,snippet_053.txt,2114,.txt,4
Chapter_10,snippet_054.txt,2119,.txt,6
Chapter_10,snippet_055.txt,2126,.txt,6
Chapter_10,snippet_056.txt,2140,.txt,6
Chapter_10,snippet_057.cr,2150,.cr,7
Chapter_12,snippet_001.txt,2205,.txt,5
Chapter_12,snippet_002.cr,2214,.cr,1
Chapter_12,snippet_003.txt,2216,.txt,4
Chapter_12,snippet_004.txt,2221,.txt,2
Chapter_12,snippet_005.sh,2230,.sh,1
Chapter_12,snippet_006.txt,2236,.txt,3
Chapter_12,snippet_007.txt,2248,.txt,2
Chapter_12,snippet_008.txt,2251,.txt,3
Chapter_12,snippet_009.cr,2256,.cr,3
Chapter_12,snippet_010.cr,2260,.cr,3
Chapter_12,snippet_011.txt,2266,.txt,1
Chapter_12,snippet_012.txt,2268,.txt,1
Chapter_12,snippet_013.txt,2272,.txt,6
Chapter_12,snippet_014.cr,2286,.cr,4
Chapter_12,snippet_015.txt,2291,.txt,1
Chapter_12,snippet_016.cr,2293,.cr,1
Chapter_12,snippet_017.txt,2295,.txt,3
Chapter_12,snippet_018.txt,2299,.txt,1
Chapter_12,snippet_019.cr,2302,.cr,4
Chapter_12,snippet_020.cr,2309,.cr,8
Chapter_12,snippet_021.txt,2318,.txt,1
Chapter_13,snippet_001.txt,2366,.txt,1
Chapter_13,snippet_002.txt,2368,.txt,2
Chapter_13,snippet_003.txt,2374,.txt,5
Chapter_13,snippet_004.txt,2380,.txt,2
Chapter_13,snippet_005.cr,2386,.cr,4
Chapter_13,snippet_006.cr,2390,.cr,5
Chapter_13,snippet_007.sh,2397,.sh,1
Chapter_13,snippet_008.txt,2408,.txt,2
Chapter_13,snippet_009.cr,2425,.cr,1
Chapter_13,snippet_010.txt,2427,.txt,1
Chapter_13,snippet_011.txt,2429,.txt,15
Chapter_13,snippet_012.txt,2445,.txt,1
Chapter_13,snippet_013.cr,2452,.cr,2
Chapter_13,snippet_014.cr,2455,.cr,4
Chapter_13,snippet_015.cr,2460,.cr,3
Chapter_13,snippet_016.cr,2465,.cr,2
Chapter_13,snippet_017.cr,2468,.cr,3
Chapter_13,snippet_018.cr,2472,.cr,3
Chapter_13,snippet_019.cr,2476,.cr,5
Chapter_13,snippet_020.cr,2482,.cr,5
Chapter_13,snippet_021.cr,2489,.cr,2
Chapter_13,snippet_022.txt,2492,.txt,1
Chapter_13,snippet_023.txt,2494,.txt,16
Chapter_13,snippet_024.cr,2513,.cr,1
Chapter_13,snippet_025.txt,2515,.txt,7
